{
  "project_info": {
    "project_number": "394276423075",
    "firebase_url": "https://thelasttask-f8f90.firebaseio.com",
    "project_id": "thelasttask-f8f90",
    "storage_bucket": "thelasttask-f8f90.appspot.com"
  },
  "client": [
    {
      "client_info": {
        "mobilesdk_app_id": "1:394276423075:android:c133802845f86a1a",
        "android_client_info": {
          "package_name": "com.example.android.finaltask"
        }
      },
      "oauth_client": [
        {
          "client_id": "394276423075-cnlvsrcp96rqf2en51s774qgbi9fc50b.apps.googleusercontent.com",
          "client_type": 1,
          "android_info": {
            "package_name": "com.example.android.finaltask",
            "certificate_hash": "2c6be9c078fd37076d0490219765f4792cd9f4a1"
          }
        },
        {
          "client_id": "394276423075-aprs8kkjub536q7sj3ttr8l6n0bgmo36.apps.googleusercontent.com",
          "client_type": 3
        }
      ],
      "api_key": [
        {
          "current_key": "AIzaSyDw3ZOj6cE7rYnoIQnCa7NjX7zpbkhLBaM"
        }
      ],
      "services": {
        "analytics_service": {
          "status": 1
        },
        "appinvite_service": {
          "status": 2,
          "other_platform_oauth_client": [
            {
              "client_id": "394276423075-aprs8kkjub536q7sj3ttr8l6n0bgmo36.apps.googleusercontent.com",
              "client_type": 3
            }
          ]
        },
        "ads_service": {
          "status": 2
        }
      }
    }
  ],
  "configuration_version": "1"
}